{"generation": 9, "average": 8518.904791123288, "worst": 10000.0, "best": 2594.523955616447, "_timestamp": 1706022723.2046394, "_runtime": 112.71681451797485, "_step": 9, "_wandb": {"runtime": 154}}