{"generation": 14, "average_reward": 1.0876290281191006, "best_reward": 1.6891503916856332, "worst_reward": 0.6259326004689728, "_timestamp": 1705484879.262911, "_runtime": 4316.49182510376, "_step": 14, "_wandb": {"runtime": 5185}}