{"generation": 9, "average": 8019.494684912107, "worst": 10000.0, "best": 2.9831311975797195, "_timestamp": 1706104332.5347574, "_runtime": 224.1936764717102, "_step": 9, "_wandb": {"runtime": 360}}