{"generation": 23, "average": 8007.298573532511, "worst": 10000.0, "best": 8.883609843563205, "_timestamp": 1706093161.6171124, "_runtime": 173.46007132530212, "_step": 23, "_wandb": {"runtime": 172}}