{"generation": 19, "average": 2.364589659380505, "worst": 3.4598850128816907, "best": 2.007292667398246, "_timestamp": 1705515110.3598337, "_runtime": 1829.2974216938019, "_step": 19, "_wandb": {"runtime": 1925}}