{"generation": 14, "average_reward": 102.55718129132129, "best_reward": 102.55718129132129, "worst_reward": 102.55718129132129, "_timestamp": 1705500650.7732742, "_runtime": 2560.914699077606, "_step": 14, "_wandb": {"runtime": 2883}}