{"generation": 0, "average": 6.571900076124306, "worst": 8.007495048702776, "best": 4.8070088234068855, "_timestamp": 1705513169.7186525, "_runtime": 75.23169946670532, "_step": 0, "_wandb": {"runtime": 153}}