{"generation": 14, "average_reward": 1.2558895587970518, "best_reward": 2.6202732781171356, "worst_reward": 0.7738352231908558, "_timestamp": 1705508715.2791402, "_runtime": 1212.632163286209, "_step": 14, "_wandb": {"runtime": 1440}}