{"generation": 0, "average": 8124.9897340496245, "worst": 10000.0, "best": 624.9486702481222, "_timestamp": 1706023413.6639626, "_runtime": 10.752627611160278, "_step": 0, "_wandb": {"runtime": 57}}