{"generation": 0, "average": 8007.745568556308, "worst": 10000.0, "best": 38.72784278154278, "_timestamp": 1706023539.8287108, "_runtime": 10.655134677886963, "_step": 0, "_wandb": {"runtime": 71}}