{"generation": 28, "average": 8000.612315823605, "worst": 10000.0, "best": 2.229446643875789, "_timestamp": 1706097679.818719, "_runtime": 2133.827176809311, "_step": 28, "_wandb": {"runtime": 2140}}