{"generation": 49, "average": 10358.106100671972, "worst": 19932.93573923923, "best": 3648.1252674805, "_timestamp": 1706024742.7965682, "_runtime": 1072.6177022457123, "_step": 49, "_wandb": {"runtime": 1172}}